{"py/object": "rasa_core.featurizers.MaxHistoryTrackerFeaturizer", "state_featurizer": {"py/object": "rasa_core.featurizers.BinarySingleStateFeaturizer", "user_feature_len": 19, "slot_feature_len": 0, "num_features": 54, "input_state_map": {"intent_about_costa_rica": 0, "intent_activities_offered": 1, "intent_add_to_mytrip": 2, "intent_contact_us": 3, "intent_greet": 4, "intent_main_menu": 5, "intent_more_info_natural_exploration": 6, "intent_more_info_subwing": 7, "intent_more_info_zipline_tour": 8, "intent_other_activities": 9, "intent_plan_my_trip": 10, "intent_testimonials": 11, "intent_tips_1": 12, "intent_tips_2": 13, "intent_tips_3": 14, "intent_tips_and_tricks": 15, "intent_tour_details_natural_exploration": 16, "intent_tour_details_subwing": 17, "intent_tour_details_zipline": 18, "prev_action_listen": 19, "prev_action_restart": 20, "prev_action_default_fallback": 21, "prev_action_deactivate_form": 22, "prev_action_revert_fallback_events": 23, "prev_action_default_ask_affirmation": 24, "prev_action_default_ask_rephrase": 25, "prev_action_back": 26, "prev_utter_greet": 27, "prev_utter_first_message": 28, "prev_utter_welcome_message": 29, "prev_utter_plan_trip_one": 30, "prev_utter_activities": 31, "prev_action_activities_offerd": 32, "prev_utter_zipline_tour": 33, "prev_utter_natural_exploration": 34, "prev_utter_subwing": 35, "prev_utter_zipline_tour_details": 36, "prev_utter_natural_tour_details": 37, "prev_utter_subwing_tour_details": 38, "prev_utter_add_trip": 39, "prev_utter_contact": 40, "prev_utter_testimonials": 41, "prev_action_testimonials": 42, "prev_utter_about": 43, "prev_action_about_costa_rica": 44, "prev_utter_costa_rica": 45, "prev_utter_tips_tricks": 46, "prev_utter_tip1": 47, "prev_utter_tips2": 48, "prev_utter_tips3": 49, "prev_action_otherActivities_costa_rica": 50, "prev_utter_default": 51, "prev_trip_plan_form": 52, "active_form_trip_plan_form": 53}}, "use_intent_probabilities": false, "max_history": 3, "remove_duplicates": true}